<?xml version="1.0" encoding="UTF-8"?>
<beans:beans xmlns="http://www.springframework.org/schema/mvc"
	xmlns:xsi="http://www.w3.org/2001/XMLSchema-instance"
	xmlns:beans="http://www.springframework.org/schema/beans"
	xmlns:context="http://www.springframework.org/schema/context"
	xsi:schemaLocation="http://www.springframework.org/schema/mvc https://www.springframework.org/schema/mvc/spring-mvc.xsd
		http://www.springframework.org/schema/beans https://www.springframework.org/schema/beans/spring-beans.xsd
		http://www.springframework.org/schema/context https://www.springframework.org/schema/context/spring-context.xsd">

	<!-- DispatcherServlet Context: defines this servlet's request-processing infrastructure -->
	
	<!-- Enables the Spring MVC @Controller programming model -->
	<annotation-driven />

	<!-- Handles HTTP GET requests for /resources/** by efficiently serving up static resources in the ${webappRoot}/resources directory -->
	<resources mapping="/resources/**" location="/resources/" />

	<!-- Resolves views selected for rendering by @Controllers to .jsp resources in the /WEB-INF/views directory -->
	<beans:bean class="org.springframework.web.servlet.view.InternalResourceViewResolver">
		<beans:property name="prefix" value="/WEB-INF/views/" />
		<beans:property name="suffix" value=".jsp" />
	</beans:bean>
	
	<beans:bean id="multipartResolver"
				class="org.springframework.web.multipart.commons.CommonsMultipartResolver">
		<!-- 최대 업로드 용량 -->
		<beans:property name="maxUploadSize" value="10485760" />
		
		<!-- 메모리 상에 존재할 수 있는 최대 크기 -->
		<beans:property name="maxInMemorySize" value="10485760" />
		
		<!-- 파일이름(혹은 텍스트라면 내용)에 대한 인코딩 -->
		<beans:property name="defaultEncoding" value="utf-8" />
	</beans:bean>
	
	<context:component-scan base-package="com.itbank.controller" />
	
	<interceptors>
		<interceptor>
			<mapping path="/order"/>
			<beans:bean id="LoginIntercepter" class="com.itbank.intercepter.LoginIntercepter"/>
		</interceptor>
	</interceptors>
	
	<context:component-scan base-package="com.itbank.controller" />
	
	
	
</beans:beans>
